route_1,"[1250.0, 1350.0, 0]","[1250.0, 1350.0, 10]","[1250.0, 1350.0, 20]","[1250.0, 1350.0, 30]","[1250.0, 1350.0, 40]","[1250.0, 1350.0, 50]","[1250.0, 1350.0, 60.0]","[1250.0, 1340.0, 60.0]","[1250.0, 1330.0, 60.0]","[1250.0, 1320.0, 60.0]","[1250.0, 1310.0, 60.0]","[1250.0, 1300.0, 60.0]","[1250.0, 1290.0, 60.0]","[1250.0, 1280.0, 60.0]","[1250.0, 1270.0, 60.0]","[1250.0, 1260.0, 60.0]","[1250.0, 1250.0, 60.0]","[1250.0, 1240.0, 60.0]","[1250.0, 1230.0, 60.0]","[1250.0, 1220.0, 60.0]","[1250.0, 1210.0, 60.0]","[1250.0, 1200.0, 60.0]","[1240.0, 1200.0, 60.0]","[1240.0, 1190.0, 60.0]","[1240.0, 1180.0, 60.0]","[1240.0, 1170.0, 60.0]","[1230.0, 1170.0, 60.0]","[1220.0, 1170.0, 60.0]","[1210.0, 1170.0, 60.0]","[1210.0, 1160.0, 60.0]","[1210.0, 1150.0, 60.0]","[1210.0, 1140.0, 60.0]","[1210.0, 1130.0, 60.0]","[1210.0, 1120.0, 60.0]","[1210.0, 1110.0, 60.0]","[1210.0, 1100.0, 60.0]","[1210.0, 1090.0, 60.0]","[1210.0, 1080.0, 60.0]","[1210.0, 1070.0, 60.0]","[1210.0, 1060.0, 60.0]","[1210.0, 1050.0, 60.0]","[1210.0, 1040.0, 60.0]","[1210.0, 1030.0, 60.0]","[1210.0, 1020.0, 60.0]","[1210.0, 1010.0, 60.0]","[1210.0, 1000.0, 60.0]","[1210.0, 990.0, 60.0]","[1210.0, 980.0, 60.0]","[1210.0, 970.0, 60.0]","[1210.0, 960.0, 60.0]","[1210.0, 950.0, 60.0]","[1210.0, 940.0, 60.0]","[1210.0, 930.0, 60.0]","[1210.0, 920.0, 60.0]","[1210.0, 910.0, 60.0]","[1210.0, 900.0, 60.0]","[1210.0, 890.0, 60.0]","[1210.0, 880.0, 60.0]","[1210.0, 870.0, 60.0]","[1210.0, 860.0, 60.0]","[1210.0, 850.0, 60.0]","[1210.0, 840.0, 60.0]","[1210.0, 830.0, 60.0]","[1210.0, 820.0, 60.0]","[1210.0, 810.0, 60.0]","[1210.0, 800.0, 60.0]","[1210.0, 790.0, 60.0]","[1210.0, 780.0, 60.0]","[1210.0, 770.0, 60.0]","[1210.0, 760.0, 60.0]","[1210.0, 750.0, 60.0]","[1210.0, 740.0, 60.0]","[1200.0, 740.0, 60.0]","[1200.0, 730.0, 60.0]","[1190.0, 730.0, 60.0]","[1180.0, 730.0, 60.0]","[1180.0, 720.0, 60.0]","[1180.0, 710.0, 60.0]","[1170.0, 710.0, 60.0]","[1160.0, 710.0, 60.0]","[1160.0, 700.0, 60.0]","[1160.0, 690.0, 60.0]","[1150.0, 690.0, 60.0]","[1150.0, 680.0, 60.0]","[1140.0, 680.0, 60.0]","[1130.0, 680.0, 60.0]","[1130.0, 670.0, 60.0]","[1120.0, 670.0, 60.0]","[1120.0, 660.0, 60.0]","[1120.0, 650.0, 60.0]","[1110.0, 650.0, 60.0]","[1110.0, 640.0, 60.0]","[1100.0, 640.0, 60.0]","[1100.0, 630.0, 60.0]","[1090.0, 630.0, 60.0]","[1090.0, 620.0, 60.0]","[1080.0, 620.0, 60.0]","[1080.0, 610.0, 60.0]","[1070.0, 610.0, 60.0]","[1060.0, 610.0, 60.0]","[1060.0, 600.0, 60.0]","[1060.0, 590.0, 60.0]","[1050.0, 590.0, 60.0]","[1050.0, 580.0, 60.0]","[1040.0, 580.0, 60.0]","[1040.0, 570.0, 60.0]","[1030.0, 570.0, 60.0]","[1030.0, 560.0, 60.0]","[1020.0, 560.0, 60.0]","[1010.0, 560.0, 60.0]","[1010.0, 550.0, 60.0]","[1000.0, 550.0, 60.0]","[1000.0, 540.0, 60.0]","[1000.0, 530.0, 60.0]","[990.0, 530.0, 60.0]","[980.0, 530.0, 60.0]","[980.0, 520.0, 60.0]","[970.0, 520.0, 60.0]","[970.0, 510.0, 60.0]","[960.0, 510.0, 60.0]","[960.0, 500.0, 60.0]","[960.0, 490.0, 60.0]","[950.0, 490.0, 60.0]","[940.0, 490.0, 60.0]","[940.0, 480.0, 60.0]","[940.0, 470.0, 60.0]","[930.0, 470.0, 60.0]","[930.0, 460.0, 60.0]","[920.0, 460.0, 60.0]","[920.0, 450.0, 60.0]","[910.0, 450.0, 60.0]","[900.0, 450.0, 60.0]","[900.0, 440.0, 60.0]","[890.0, 440.0, 60.0]","[890.0, 430.0, 60.0]","[890.0, 420.0, 60.0]","[880.0, 420.0, 60.0]","[870.0, 420.0, 60.0]","[870.0, 410.0, 60.0]","[870.0, 400.0, 60.0]","[860.0, 400.0, 60.0]","[850.0, 400.0, 60.0]","[850.0, 390.0, 60.0]","[840.0, 390.0, 60.0]","[840.0, 380.0, 60.0]","[830.0, 380.0, 60.0]","[830.0, 370.0, 60.0]","[830.0, 360.0, 60.0]","[820.0, 360.0, 60.0]","[820.0, 350.0, 60.0]","[810.0, 350.0, 60.0]","[810.0, 340.0, 60.0]","[800.0, 340.0, 60.0]","[790.0, 340.0, 60.0]","[790.0, 330.0, 60.0]","[780.0, 330.0, 60.0]","[780.0, 320.0, 60.0]","[770.0, 320.0, 60.0]","[770.0, 310.0, 60.0]","[770.0, 310.0, 60]","[770.0, 310.0, 50]","[770.0, 310.0, 40]","[770.0, 310.0, 30]","[770.0, 310.0, 20]","[770.0, 310.0, 10]","[770.0, 310.0, 0]",,,,,,,,,,,,,,,,,,,,,,,,,,,,,,,,,,,,,,,,,,,
route_2,"[1250.0, 1350.0, 0]","[1250.0, 1350.0, 10]","[1250.0, 1350.0, 20]","[1250.0, 1350.0, 30]","[1250.0, 1350.0, 40]","[1250.0, 1350.0, 50]","[1250.0, 1350.0, 60.0]","[1260.0, 1350.0, 60.0]","[1270.0, 1350.0, 60.0]","[1280.0, 1350.0, 60.0]","[1290.0, 1350.0, 60.0]","[1300.0, 1350.0, 60.0]","[1310.0, 1350.0, 60.0]","[1320.0, 1350.0, 60.0]","[1330.0, 1350.0, 60.0]","[1340.0, 1350.0, 60.0]","[1350.0, 1350.0, 60.0]","[1360.0, 1350.0, 60.0]","[1370.0, 1350.0, 60.0]","[1380.0, 1350.0, 60.0]","[1390.0, 1350.0, 60.0]","[1400.0, 1350.0, 60.0]","[1400.0, 1340.0, 60.0]","[1410.0, 1340.0, 60.0]","[1420.0, 1340.0, 60.0]","[1430.0, 1340.0, 60.0]","[1440.0, 1340.0, 60.0]","[1440.0, 1330.0, 60.0]","[1440.0, 1320.0, 60.0]","[1450.0, 1320.0, 60.0]","[1460.0, 1320.0, 60.0]","[1470.0, 1320.0, 60.0]","[1480.0, 1320.0, 60.0]","[1490.0, 1320.0, 60.0]","[1490.0, 1310.0, 60.0]","[1500.0, 1310.0, 60.0]","[1500.0, 1300.0, 60.0]","[1510.0, 1300.0, 60.0]","[1510.0, 1290.0, 60.0]","[1520.0, 1290.0, 60.0]","[1520.0, 1280.0, 60.0]","[1520.0, 1270.0, 60.0]","[1530.0, 1270.0, 60.0]","[1540.0, 1270.0, 60.0]","[1540.0, 1260.0, 60.0]","[1540.0, 1250.0, 60.0]","[1550.0, 1250.0, 60.0]","[1550.0, 1240.0, 60.0]","[1560.0, 1240.0, 60.0]","[1560.0, 1230.0, 60.0]","[1570.0, 1230.0, 60.0]","[1570.0, 1220.0, 60.0]","[1580.0, 1220.0, 60.0]","[1580.0, 1210.0, 60.0]","[1590.0, 1210.0, 60.0]","[1600.0, 1210.0, 60.0]","[1600.0, 1200.0, 60.0]","[1610.0, 1200.0, 60.0]","[1610.0, 1190.0, 60.0]","[1610.0, 1180.0, 60.0]","[1620.0, 1180.0, 60.0]","[1620.0, 1170.0, 60.0]","[1630.0, 1170.0, 60.0]","[1640.0, 1170.0, 60.0]","[1640.0, 1160.0, 60.0]","[1650.0, 1160.0, 60.0]","[1660.0, 1160.0, 60.0]","[1660.0, 1150.0, 60.0]","[1660.0, 1140.0, 60.0]","[1670.0, 1140.0, 60.0]","[1670.0, 1130.0, 60.0]","[1680.0, 1130.0, 60.0]","[1680.0, 1120.0, 60.0]","[1690.0, 1120.0, 60.0]","[1690.0, 1110.0, 60.0]","[1700.0, 1110.0, 60.0]","[1700.0, 1100.0, 60.0]","[1700.0, 1090.0, 60.0]","[1710.0, 1090.0, 60.0]","[1720.0, 1090.0, 60.0]","[1720.0, 1080.0, 60.0]","[1720.0, 1070.0, 60.0]","[1730.0, 1070.0, 60.0]","[1740.0, 1070.0, 60.0]","[1740.0, 1060.0, 60.0]","[1750.0, 1060.0, 60.0]","[1750.0, 1050.0, 60.0]","[1750.0, 1040.0, 60.0]","[1760.0, 1040.0, 60.0]","[1770.0, 1040.0, 60.0]","[1770.0, 1030.0, 60.0]","[1770.0, 1020.0, 60.0]","[1780.0, 1020.0, 60.0]","[1780.0, 1010.0, 60.0]","[1790.0, 1010.0, 60.0]","[1800.0, 1010.0, 60.0]","[1800.0, 1000.0, 60.0]","[1810.0, 1000.0, 60.0]","[1810.0, 990.0, 60.0]","[1820.0, 990.0, 60.0]","[1820.0, 980.0, 60.0]","[1820.0, 980.0, 60]","[1820.0, 980.0, 50]","[1820.0, 980.0, 40]","[1820.0, 980.0, 30]","[1820.0, 980.0, 20]","[1820.0, 980.0, 10]","[1820.0, 980.0, 0]",,,,,,,,,,,,,,,,,,,,,,,,,,,,,,,,,,,,,,,,,,,,,,,,,,,,,,,,,,,,,,,,,,,,,,,,,,,,,,,,,,,,,,,,,,,,,,,,,,,,,
route_3,"[1250.0, 1350.0, 0]","[1250.0, 1350.0, 10]","[1250.0, 1350.0, 20]","[1250.0, 1350.0, 30]","[1250.0, 1350.0, 40]","[1250.0, 1350.0, 50]","[1250.0, 1350.0, 60.0]","[1260.0, 1350.0, 60.0]","[1270.0, 1350.0, 60.0]","[1280.0, 1350.0, 60.0]","[1280.0, 1340.0, 60.0]","[1280.0, 1330.0, 60.0]","[1290.0, 1330.0, 60.0]","[1300.0, 1330.0, 60.0]","[1310.0, 1330.0, 60.0]","[1320.0, 1330.0, 60.0]","[1330.0, 1330.0, 60.0]","[1340.0, 1330.0, 60.0]","[1350.0, 1330.0, 60.0]","[1350.0, 1320.0, 60.0]","[1360.0, 1320.0, 60.0]","[1360.0, 1310.0, 60.0]","[1370.0, 1310.0, 60.0]","[1370.0, 1300.0, 60.0]","[1380.0, 1300.0, 60.0]","[1380.0, 1290.0, 60.0]","[1390.0, 1290.0, 60.0]","[1390.0, 1280.0, 60.0]","[1400.0, 1280.0, 60.0]","[1400.0, 1270.0, 60.0]","[1410.0, 1270.0, 60.0]","[1410.0, 1260.0, 60.0]","[1410.0, 1250.0, 60.0]","[1410.0, 1240.0, 60.0]","[1410.0, 1230.0, 60.0]","[1410.0, 1220.0, 60.0]","[1420.0, 1220.0, 60.0]","[1420.0, 1210.0, 60.0]","[1430.0, 1210.0, 60.0]","[1440.0, 1210.0, 60.0]","[1450.0, 1210.0, 60.0]","[1460.0, 1210.0, 60.0]","[1460.0, 1200.0, 60.0]","[1470.0, 1200.0, 60.0]","[1470.0, 1190.0, 60.0]","[1470.0, 1180.0, 60.0]","[1470.0, 1170.0, 60.0]","[1470.0, 1160.0, 60.0]","[1480.0, 1160.0, 60.0]","[1490.0, 1160.0, 60.0]","[1500.0, 1160.0, 60.0]","[1510.0, 1160.0, 60.0]","[1520.0, 1160.0, 60.0]","[1520.0, 1150.0, 60.0]","[1530.0, 1150.0, 60.0]","[1530.0, 1140.0, 60.0]","[1540.0, 1140.0, 60.0]","[1540.0, 1130.0, 60.0]","[1540.0, 1120.0, 60.0]","[1550.0, 1120.0, 60.0]","[1550.0, 1110.0, 60.0]","[1560.0, 1110.0, 60.0]","[1570.0, 1110.0, 60.0]","[1570.0, 1100.0, 60.0]","[1580.0, 1100.0, 60.0]","[1580.0, 1090.0, 60.0]","[1580.0, 1080.0, 60.0]","[1590.0, 1080.0, 60.0]","[1590.0, 1080.0, 60]","[1590.0, 1080.0, 50]","[1590.0, 1080.0, 40]","[1590.0, 1080.0, 30]","[1590.0, 1080.0, 20]","[1590.0, 1080.0, 10]","[1590.0, 1080.0, 0]",,,,,,,,,,,,,,,,,,,,,,,,,,,,,,,,,,,,,,,,,,,,,,,,,,,,,,,,,,,,,,,,,,,,,,,,,,,,,,,,,,,,,,,,,,,,,,,,,,,,,,,,,,,,,,,,,,,,,,,,,,,,,,,,,,,,,,
route_4,"[1250.0, 1350.0, 0]","[1250.0, 1350.0, 10]","[1250.0, 1350.0, 20]","[1250.0, 1350.0, 30]","[1250.0, 1350.0, 40]","[1250.0, 1350.0, 50]","[1250.0, 1350.0, 60.0]","[1260.0, 1350.0, 60.0]","[1270.0, 1350.0, 60.0]","[1280.0, 1350.0, 60.0]","[1280.0, 1360.0, 60.0]","[1280.0, 1370.0, 60.0]","[1290.0, 1370.0, 60.0]","[1300.0, 1370.0, 60.0]","[1310.0, 1370.0, 60.0]","[1310.0, 1380.0, 60.0]","[1320.0, 1380.0, 60.0]","[1320.0, 1390.0, 60.0]","[1320.0, 1400.0, 60.0]","[1330.0, 1400.0, 60.0]","[1340.0, 1400.0, 60.0]","[1340.0, 1410.0, 60.0]","[1340.0, 1420.0, 60.0]","[1350.0, 1420.0, 60.0]","[1360.0, 1420.0, 60.0]","[1360.0, 1430.0, 60.0]","[1370.0, 1430.0, 60.0]","[1370.0, 1440.0, 60.0]","[1370.0, 1450.0, 60.0]","[1380.0, 1450.0, 60.0]","[1380.0, 1460.0, 60.0]","[1390.0, 1460.0, 60.0]","[1400.0, 1460.0, 60.0]","[1400.0, 1470.0, 60.0]","[1410.0, 1470.0, 60.0]","[1410.0, 1480.0, 60.0]","[1420.0, 1480.0, 60.0]","[1420.0, 1490.0, 60.0]","[1430.0, 1490.0, 60.0]","[1430.0, 1500.0, 60.0]","[1440.0, 1500.0, 60.0]","[1450.0, 1500.0, 60.0]","[1450.0, 1510.0, 60.0]","[1450.0, 1520.0, 60.0]","[1460.0, 1520.0, 60.0]","[1460.0, 1530.0, 60.0]","[1460.0, 1540.0, 60.0]","[1470.0, 1540.0, 60.0]","[1480.0, 1540.0, 60.0]","[1480.0, 1550.0, 60.0]","[1490.0, 1550.0, 60.0]","[1490.0, 1560.0, 60.0]","[1500.0, 1560.0, 60.0]","[1500.0, 1570.0, 60.0]","[1500.0, 1580.0, 60.0]","[1500.0, 1590.0, 60.0]","[1510.0, 1590.0, 60.0]","[1510.0, 1600.0, 60.0]","[1520.0, 1600.0, 60.0]","[1530.0, 1600.0, 60.0]","[1530.0, 1610.0, 60.0]","[1540.0, 1610.0, 60.0]","[1550.0, 1610.0, 60.0]","[1550.0, 1620.0, 60.0]","[1560.0, 1620.0, 60.0]","[1560.0, 1630.0, 60.0]","[1560.0, 1640.0, 60.0]","[1570.0, 1640.0, 60.0]","[1570.0, 1650.0, 60.0]","[1580.0, 1650.0, 60.0]","[1580.0, 1660.0, 60.0]","[1590.0, 1660.0, 60.0]","[1590.0, 1670.0, 60.0]","[1600.0, 1670.0, 60.0]","[1600.0, 1680.0, 60.0]","[1610.0, 1680.0, 60.0]","[1610.0, 1690.0, 60.0]","[1620.0, 1690.0, 60.0]","[1620.0, 1700.0, 60.0]","[1630.0, 1700.0, 60.0]","[1630.0, 1700.0, 60]","[1630.0, 1700.0, 50]","[1630.0, 1700.0, 40]","[1630.0, 1700.0, 30]","[1630.0, 1700.0, 20]","[1630.0, 1700.0, 10]","[1630.0, 1700.0, 0]",,,,,,,,,,,,,,,,,,,,,,,,,,,,,,,,,,,,,,,,,,,,,,,,,,,,,,,,,,,,,,,,,,,,,,,,,,,,,,,,,,,,,,,,,,,,,,,,,,,,,,,,,,,,,,,,,,,,,,,,,,
route_5,"[1250.0, 1350.0, 0]","[1250.0, 1350.0, 10]","[1250.0, 1350.0, 20]","[1250.0, 1350.0, 30]","[1250.0, 1350.0, 40]","[1250.0, 1350.0, 50]","[1250.0, 1350.0, 60.0]","[1250.0, 1340.0, 60.0]","[1250.0, 1330.0, 60.0]","[1250.0, 1320.0, 60.0]","[1240.0, 1320.0, 60.0]","[1230.0, 1320.0, 60.0]","[1230.0, 1310.0, 60.0]","[1230.0, 1300.0, 60.0]","[1230.0, 1290.0, 60.0]","[1220.0, 1290.0, 60.0]","[1220.0, 1280.0, 60.0]","[1220.0, 1270.0, 60.0]","[1220.0, 1260.0, 60.0]","[1220.0, 1250.0, 60.0]","[1220.0, 1240.0, 60.0]","[1220.0, 1230.0, 60.0]","[1220.0, 1220.0, 60.0]","[1220.0, 1210.0, 60.0]","[1220.0, 1200.0, 60.0]","[1220.0, 1190.0, 60.0]","[1210.0, 1190.0, 60.0]","[1200.0, 1190.0, 60.0]","[1190.0, 1190.0, 60.0]","[1190.0, 1180.0, 60.0]","[1190.0, 1170.0, 60.0]","[1190.0, 1160.0, 60.0]","[1190.0, 1150.0, 60.0]","[1190.0, 1140.0, 60.0]","[1190.0, 1130.0, 60.0]","[1190.0, 1120.0, 60.0]","[1190.0, 1110.0, 60.0]","[1190.0, 1100.0, 60.0]","[1190.0, 1090.0, 60.0]","[1190.0, 1080.0, 60.0]","[1190.0, 1070.0, 60.0]","[1190.0, 1060.0, 60.0]","[1190.0, 1050.0, 60.0]","[1190.0, 1040.0, 60.0]","[1190.0, 1030.0, 60.0]","[1190.0, 1020.0, 60.0]","[1190.0, 1010.0, 60.0]","[1190.0, 1000.0, 60.0]","[1190.0, 990.0, 60.0]","[1190.0, 980.0, 60.0]","[1190.0, 970.0, 60.0]","[1190.0, 960.0, 60.0]","[1190.0, 950.0, 60.0]","[1190.0, 940.0, 60.0]","[1190.0, 930.0, 60.0]","[1190.0, 920.0, 60.0]","[1190.0, 910.0, 60.0]","[1190.0, 900.0, 60.0]","[1190.0, 890.0, 60.0]","[1190.0, 880.0, 60.0]","[1190.0, 870.0, 60.0]","[1190.0, 860.0, 60.0]","[1180.0, 860.0, 60.0]","[1170.0, 860.0, 60.0]","[1170.0, 850.0, 60.0]","[1170.0, 840.0, 60.0]","[1160.0, 840.0, 60.0]","[1160.0, 830.0, 60.0]","[1150.0, 830.0, 60.0]","[1150.0, 820.0, 60.0]","[1140.0, 820.0, 60.0]","[1140.0, 810.0, 60.0]","[1130.0, 810.0, 60.0]","[1120.0, 810.0, 60.0]","[1120.0, 800.0, 60.0]","[1120.0, 790.0, 60.0]","[1110.0, 790.0, 60.0]","[1110.0, 780.0, 60.0]","[1100.0, 780.0, 60.0]","[1100.0, 770.0, 60.0]","[1090.0, 770.0, 60.0]","[1080.0, 770.0, 60.0]","[1080.0, 760.0, 60.0]","[1080.0, 750.0, 60.0]","[1070.0, 750.0, 60.0]","[1060.0, 750.0, 60.0]","[1060.0, 740.0, 60.0]","[1060.0, 730.0, 60.0]","[1050.0, 730.0, 60.0]","[1040.0, 730.0, 60.0]","[1040.0, 720.0, 60.0]","[1030.0, 720.0, 60.0]","[1030.0, 710.0, 60.0]","[1030.0, 700.0, 60.0]","[1020.0, 700.0, 60.0]","[1020.0, 690.0, 60.0]","[1010.0, 690.0, 60.0]","[1000.0, 690.0, 60.0]","[1000.0, 680.0, 60.0]","[990.0, 680.0, 60.0]","[990.0, 670.0, 60.0]","[990.0, 660.0, 60.0]","[980.0, 660.0, 60.0]","[980.0, 650.0, 60.0]","[970.0, 650.0, 60.0]","[960.0, 650.0, 60.0]","[960.0, 640.0, 60.0]","[950.0, 640.0, 60.0]","[950.0, 630.0, 60.0]","[940.0, 630.0, 60.0]","[940.0, 620.0, 60.0]","[940.0, 610.0, 60.0]","[930.0, 610.0, 60.0]","[920.0, 610.0, 60.0]","[920.0, 600.0, 60.0]","[910.0, 600.0, 60.0]","[910.0, 590.0, 60.0]","[900.0, 590.0, 60.0]","[900.0, 580.0, 60.0]","[890.0, 580.0, 60.0]","[890.0, 570.0, 60.0]","[880.0, 570.0, 60.0]","[880.0, 560.0, 60.0]","[870.0, 560.0, 60.0]","[870.0, 550.0, 60.0]","[860.0, 550.0, 60.0]","[860.0, 540.0, 60.0]","[850.0, 540.0, 60.0]","[850.0, 530.0, 60.0]","[850.0, 520.0, 60.0]","[840.0, 520.0, 60.0]","[830.0, 520.0, 60.0]","[830.0, 510.0, 60.0]","[830.0, 500.0, 60.0]","[820.0, 500.0, 60.0]","[820.0, 490.0, 60.0]","[810.0, 490.0, 60.0]","[810.0, 480.0, 60.0]","[800.0, 480.0, 60.0]","[800.0, 470.0, 60.0]","[790.0, 470.0, 60.0]","[790.0, 460.0, 60.0]","[780.0, 460.0, 60.0]","[780.0, 450.0, 60.0]","[770.0, 450.0, 60.0]","[760.0, 450.0, 60.0]","[760.0, 440.0, 60.0]","[760.0, 440.0, 60]","[760.0, 440.0, 50]","[760.0, 440.0, 40]","[760.0, 440.0, 30]","[760.0, 440.0, 20]","[760.0, 440.0, 10]","[760.0, 440.0, 0]",,,,,,,,,,,,,,,,,,,,,,,,,,,,,,,,,,,,,,,,,,,,,,,,,,,,,,,
route_6,"[1250.0, 1350.0, 0]","[1250.0, 1350.0, 10]","[1250.0, 1350.0, 20]","[1250.0, 1350.0, 30]","[1250.0, 1350.0, 40]","[1250.0, 1350.0, 50]","[1250.0, 1350.0, 60.0]","[1250.0, 1340.0, 60.0]","[1250.0, 1330.0, 60.0]","[1250.0, 1320.0, 60.0]","[1240.0, 1320.0, 60.0]","[1230.0, 1320.0, 60.0]","[1220.0, 1320.0, 60.0]","[1210.0, 1320.0, 60.0]","[1210.0, 1310.0, 60.0]","[1200.0, 1310.0, 60.0]","[1200.0, 1300.0, 60.0]","[1200.0, 1290.0, 60.0]","[1200.0, 1280.0, 60.0]","[1200.0, 1270.0, 60.0]","[1200.0, 1260.0, 60.0]","[1200.0, 1250.0, 60.0]","[1200.0, 1240.0, 60.0]","[1200.0, 1230.0, 60.0]","[1200.0, 1220.0, 60.0]","[1200.0, 1210.0, 60.0]","[1190.0, 1210.0, 60.0]","[1180.0, 1210.0, 60.0]","[1170.0, 1210.0, 60.0]","[1170.0, 1200.0, 60.0]","[1170.0, 1190.0, 60.0]","[1170.0, 1180.0, 60.0]","[1170.0, 1170.0, 60.0]","[1170.0, 1160.0, 60.0]","[1170.0, 1150.0, 60.0]","[1160.0, 1150.0, 60.0]","[1160.0, 1140.0, 60.0]","[1150.0, 1140.0, 60.0]","[1150.0, 1130.0, 60.0]","[1140.0, 1130.0, 60.0]","[1140.0, 1120.0, 60.0]","[1130.0, 1120.0, 60.0]","[1130.0, 1110.0, 60.0]","[1120.0, 1110.0, 60.0]","[1120.0, 1100.0, 60.0]","[1110.0, 1100.0, 60.0]","[1110.0, 1090.0, 60.0]","[1100.0, 1090.0, 60.0]","[1100.0, 1080.0, 60.0]","[1100.0, 1070.0, 60.0]","[1090.0, 1070.0, 60.0]","[1090.0, 1060.0, 60.0]","[1080.0, 1060.0, 60.0]","[1080.0, 1050.0, 60.0]","[1070.0, 1050.0, 60.0]","[1070.0, 1040.0, 60.0]","[1060.0, 1040.0, 60.0]","[1060.0, 1030.0, 60.0]","[1050.0, 1030.0, 60.0]","[1040.0, 1030.0, 60.0]","[1040.0, 1020.0, 60.0]","[1030.0, 1020.0, 60.0]","[1030.0, 1010.0, 60.0]","[1020.0, 1010.0, 60.0]","[1020.0, 1000.0, 60.0]","[1010.0, 1000.0, 60.0]","[1010.0, 990.0, 60.0]","[1010.0, 980.0, 60.0]","[1000.0, 980.0, 60.0]","[1000.0, 970.0, 60.0]","[990.0, 970.0, 60.0]","[990.0, 970.0, 60]","[990.0, 970.0, 50]","[990.0, 970.0, 40]","[990.0, 970.0, 30]","[990.0, 970.0, 20]","[990.0, 970.0, 10]","[990.0, 970.0, 0]",,,,,,,,,,,,,,,,,,,,,,,,,,,,,,,,,,,,,,,,,,,,,,,,,,,,,,,,,,,,,,,,,,,,,,,,,,,,,,,,,,,,,,,,,,,,,,,,,,,,,,,,,,,,,,,,,,,,,,,,,,,,,,,,,,,
route_7,"[1250.0, 1350.0, 0]","[1250.0, 1350.0, 10]","[1250.0, 1350.0, 20]","[1250.0, 1350.0, 30]","[1250.0, 1350.0, 40]","[1250.0, 1350.0, 50]","[1250.0, 1350.0, 60.0]","[1240.0, 1350.0, 60.0]","[1230.0, 1350.0, 60.0]","[1220.0, 1350.0, 60.0]","[1210.0, 1350.0, 60.0]","[1200.0, 1350.0, 60.0]","[1200.0, 1360.0, 60.0]","[1190.0, 1360.0, 60.0]","[1180.0, 1360.0, 60.0]","[1170.0, 1360.0, 60.0]","[1160.0, 1360.0, 60.0]","[1150.0, 1360.0, 60.0]","[1140.0, 1360.0, 60.0]","[1130.0, 1360.0, 60.0]","[1120.0, 1360.0, 60.0]","[1110.0, 1360.0, 60.0]","[1100.0, 1360.0, 60.0]","[1090.0, 1360.0, 60.0]","[1080.0, 1360.0, 60.0]","[1070.0, 1360.0, 60.0]","[1060.0, 1360.0, 60.0]","[1050.0, 1360.0, 60.0]","[1040.0, 1360.0, 60.0]","[1030.0, 1360.0, 60.0]","[1020.0, 1360.0, 60.0]","[1010.0, 1360.0, 60.0]","[1000.0, 1360.0, 60.0]","[990.0, 1360.0, 60.0]","[980.0, 1360.0, 60.0]","[970.0, 1360.0, 60.0]","[960.0, 1360.0, 60.0]","[950.0, 1360.0, 60.0]","[940.0, 1360.0, 60.0]","[930.0, 1360.0, 60.0]","[920.0, 1360.0, 60.0]","[910.0, 1360.0, 60.0]","[900.0, 1360.0, 60.0]","[890.0, 1360.0, 60.0]","[880.0, 1360.0, 60.0]","[870.0, 1360.0, 60.0]","[860.0, 1360.0, 60.0]","[850.0, 1360.0, 60.0]","[840.0, 1360.0, 60.0]","[830.0, 1360.0, 60.0]","[820.0, 1360.0, 60.0]","[810.0, 1360.0, 60.0]","[800.0, 1360.0, 60.0]","[790.0, 1360.0, 60.0]","[780.0, 1360.0, 60.0]","[770.0, 1360.0, 60.0]","[760.0, 1360.0, 60.0]","[750.0, 1360.0, 60.0]","[740.0, 1360.0, 60.0]","[740.0, 1350.0, 60.0]","[740.0, 1340.0, 60.0]","[740.0, 1330.0, 60.0]","[730.0, 1330.0, 60.0]","[720.0, 1330.0, 60.0]","[710.0, 1330.0, 60.0]","[710.0, 1320.0, 60.0]","[710.0, 1310.0, 60.0]","[700.0, 1310.0, 60.0]","[690.0, 1310.0, 60.0]","[690.0, 1300.0, 60.0]","[690.0, 1290.0, 60.0]","[680.0, 1290.0, 60.0]","[680.0, 1280.0, 60.0]","[670.0, 1280.0, 60.0]","[660.0, 1280.0, 60.0]","[660.0, 1270.0, 60.0]","[650.0, 1270.0, 60.0]","[650.0, 1260.0, 60.0]","[650.0, 1250.0, 60.0]","[640.0, 1250.0, 60.0]","[640.0, 1240.0, 60.0]","[630.0, 1240.0, 60.0]","[630.0, 1230.0, 60.0]","[620.0, 1230.0, 60.0]","[610.0, 1230.0, 60.0]","[610.0, 1220.0, 60.0]","[610.0, 1210.0, 60.0]","[600.0, 1210.0, 60.0]","[590.0, 1210.0, 60.0]","[590.0, 1200.0, 60.0]","[590.0, 1190.0, 60.0]","[580.0, 1190.0, 60.0]","[580.0, 1180.0, 60.0]","[570.0, 1180.0, 60.0]","[570.0, 1180.0, 60]","[570.0, 1180.0, 50]","[570.0, 1180.0, 40]","[570.0, 1180.0, 30]","[570.0, 1180.0, 20]","[570.0, 1180.0, 10]","[570.0, 1180.0, 0]",,,,,,,,,,,,,,,,,,,,,,,,,,,,,,,,,,,,,,,,,,,,,,,,,,,,,,,,,,,,,,,,,,,,,,,,,,,,,,,,,,,,,,,,,,,,,,,,,,,,,,,,,,,,
route_8,"[1250.0, 1350.0, 0]","[1250.0, 1350.0, 10]","[1250.0, 1350.0, 20]","[1250.0, 1350.0, 30]","[1250.0, 1350.0, 40]","[1250.0, 1350.0, 50]","[1250.0, 1350.0, 60.0]","[1240.0, 1350.0, 60.0]","[1230.0, 1350.0, 60.0]","[1230.0, 1360.0, 60.0]","[1220.0, 1360.0, 60.0]","[1220.0, 1370.0, 60.0]","[1220.0, 1380.0, 60.0]","[1220.0, 1390.0, 60.0]","[1210.0, 1390.0, 60.0]","[1200.0, 1390.0, 60.0]","[1190.0, 1390.0, 60.0]","[1180.0, 1390.0, 60.0]","[1170.0, 1390.0, 60.0]","[1170.0, 1400.0, 60.0]","[1170.0, 1410.0, 60.0]","[1170.0, 1420.0, 60.0]","[1160.0, 1420.0, 60.0]","[1160.0, 1430.0, 60.0]","[1150.0, 1430.0, 60.0]","[1150.0, 1440.0, 60.0]","[1140.0, 1440.0, 60.0]","[1130.0, 1440.0, 60.0]","[1130.0, 1450.0, 60.0]","[1130.0, 1450.0, 60]","[1130.0, 1450.0, 50]","[1130.0, 1450.0, 40]","[1130.0, 1450.0, 30]","[1130.0, 1450.0, 20]","[1130.0, 1450.0, 10]","[1130.0, 1450.0, 0]",,,,,,,,,,,,,,,,,,,,,,,,,,,,,,,,,,,,,,,,,,,,,,,,,,,,,,,,,,,,,,,,,,,,,,,,,,,,,,,,,,,,,,,,,,,,,,,,,,,,,,,,,,,,,,,,,,,,,,,,,,,,,,,,,,,,,,,,,,,,,,,,,,,,,,,,,,,,,,,,,,,,,,,,,,,,,
route_9,"[1250.0, 1350.0, 0]","[1250.0, 1350.0, 10]","[1250.0, 1350.0, 20]","[1250.0, 1350.0, 30]","[1250.0, 1350.0, 40]","[1250.0, 1350.0, 50]","[1250.0, 1350.0, 60.0]","[1250.0, 1340.0, 60.0]","[1250.0, 1330.0, 60.0]","[1250.0, 1320.0, 60.0]","[1250.0, 1320.0, 70.0]","[1250.0, 1320.0, 80.0]","[1250.0, 1310.0, 80.0]","[1250.0, 1300.0, 80.0]","[1250.0, 1290.0, 80.0]","[1250.0, 1280.0, 80.0]","[1250.0, 1270.0, 80.0]","[1250.0, 1260.0, 80.0]","[1240.0, 1260.0, 80.0]","[1230.0, 1260.0, 80.0]","[1230.0, 1250.0, 80.0]","[1220.0, 1250.0, 80.0]","[1220.0, 1240.0, 80.0]","[1210.0, 1240.0, 80.0]","[1200.0, 1240.0, 80.0]","[1200.0, 1230.0, 80.0]","[1200.0, 1220.0, 80.0]","[1190.0, 1220.0, 80.0]","[1180.0, 1220.0, 80.0]","[1180.0, 1210.0, 80.0]","[1170.0, 1210.0, 80.0]","[1170.0, 1200.0, 80.0]","[1160.0, 1200.0, 80.0]","[1160.0, 1190.0, 80.0]","[1150.0, 1190.0, 80.0]","[1150.0, 1180.0, 80.0]","[1140.0, 1180.0, 80.0]","[1140.0, 1170.0, 80.0]","[1130.0, 1170.0, 80.0]","[1130.0, 1160.0, 80.0]","[1130.0, 1150.0, 80.0]","[1120.0, 1150.0, 80.0]","[1120.0, 1140.0, 80.0]","[1110.0, 1140.0, 80.0]","[1110.0, 1130.0, 80.0]","[1100.0, 1130.0, 80.0]","[1090.0, 1130.0, 80.0]","[1090.0, 1120.0, 80.0]","[1090.0, 1110.0, 80.0]","[1080.0, 1110.0, 80.0]","[1080.0, 1100.0, 80.0]","[1070.0, 1100.0, 80.0]","[1060.0, 1100.0, 80.0]","[1060.0, 1090.0, 80.0]","[1050.0, 1090.0, 80.0]","[1050.0, 1080.0, 80.0]","[1040.0, 1080.0, 80.0]","[1040.0, 1070.0, 80.0]","[1030.0, 1070.0, 80.0]","[1030.0, 1060.0, 80.0]","[1030.0, 1050.0, 80.0]","[1020.0, 1050.0, 80.0]","[1010.0, 1050.0, 80.0]","[1010.0, 1040.0, 80.0]","[1010.0, 1030.0, 80.0]","[1000.0, 1030.0, 80.0]","[1000.0, 1020.0, 80.0]","[1000.0, 1010.0, 80.0]","[1000.0, 1000.0, 80.0]","[1000.0, 990.0, 80.0]","[1000.0, 980.0, 80.0]","[990.0, 980.0, 80.0]","[980.0, 980.0, 80.0]","[970.0, 980.0, 80.0]","[960.0, 980.0, 80.0]","[960.0, 970.0, 80.0]","[950.0, 970.0, 80.0]","[940.0, 970.0, 80.0]","[940.0, 960.0, 80.0]","[930.0, 960.0, 80.0]","[920.0, 960.0, 80.0]","[920.0, 950.0, 80.0]","[920.0, 940.0, 80.0]","[910.0, 940.0, 80.0]","[900.0, 940.0, 80.0]","[900.0, 930.0, 80.0]","[900.0, 920.0, 80.0]","[890.0, 920.0, 80.0]","[880.0, 920.0, 80.0]","[880.0, 910.0, 80.0]","[870.0, 910.0, 80.0]","[870.0, 900.0, 80.0]","[870.0, 890.0, 80.0]","[860.0, 890.0, 80.0]","[860.0, 880.0, 80.0]","[850.0, 880.0, 80.0]","[840.0, 880.0, 80.0]","[840.0, 870.0, 80.0]","[830.0, 870.0, 80.0]","[830.0, 860.0, 80.0]","[820.0, 860.0, 80.0]","[820.0, 850.0, 80.0]","[810.0, 850.0, 80.0]","[810.0, 840.0, 80.0]","[810.0, 830.0, 80.0]","[800.0, 830.0, 80.0]","[800.0, 820.0, 80.0]","[790.0, 820.0, 80.0]","[780.0, 820.0, 80.0]","[780.0, 810.0, 80.0]","[780.0, 800.0, 80.0]","[770.0, 800.0, 80.0]","[760.0, 800.0, 80.0]","[760.0, 790.0, 80.0]","[750.0, 790.0, 80.0]","[750.0, 780.0, 80.0]","[740.0, 780.0, 80.0]","[740.0, 770.0, 80.0]","[730.0, 770.0, 80.0]","[730.0, 760.0, 80.0]","[730.0, 750.0, 80.0]","[720.0, 750.0, 80.0]","[710.0, 750.0, 80.0]","[710.0, 740.0, 80.0]","[700.0, 740.0, 80.0]","[700.0, 730.0, 80.0]","[700.0, 720.0, 80.0]","[690.0, 720.0, 80.0]","[690.0, 710.0, 80.0]","[680.0, 710.0, 80.0]","[680.0, 700.0, 80.0]","[670.0, 700.0, 80.0]","[660.0, 700.0, 80.0]","[660.0, 690.0, 80.0]","[650.0, 690.0, 80.0]","[650.0, 680.0, 80.0]","[640.0, 680.0, 80.0]","[640.0, 670.0, 80.0]","[640.0, 660.0, 80.0]","[630.0, 660.0, 80.0]","[620.0, 660.0, 80.0]","[620.0, 650.0, 80.0]","[620.0, 640.0, 80.0]","[610.0, 640.0, 80.0]","[600.0, 640.0, 80.0]","[600.0, 630.0, 80.0]","[600.0, 620.0, 80.0]","[590.0, 620.0, 80.0]","[590.0, 610.0, 80.0]","[580.0, 610.0, 80.0]","[570.0, 610.0, 80.0]","[570.0, 600.0, 80.0]","[560.0, 600.0, 80.0]","[560.0, 590.0, 80.0]","[560.0, 580.0, 80.0]","[550.0, 580.0, 80.0]","[540.0, 580.0, 80.0]","[540.0, 570.0, 80.0]","[540.0, 560.0, 80.0]","[530.0, 560.0, 80.0]","[520.0, 560.0, 80.0]","[520.0, 550.0, 80.0]","[510.0, 550.0, 80.0]","[510.0, 540.0, 80.0]","[510.0, 530.0, 80.0]","[500.0, 530.0, 80.0]","[490.0, 530.0, 80.0]","[490.0, 520.0, 80.0]","[490.0, 510.0, 80.0]","[480.0, 510.0, 80.0]","[470.0, 510.0, 80.0]","[470.0, 500.0, 80.0]","[470.0, 490.0, 80.0]","[460.0, 490.0, 80.0]","[450.0, 490.0, 80.0]","[450.0, 480.0, 80.0]","[450.0, 470.0, 80.0]","[440.0, 470.0, 80.0]","[430.0, 470.0, 80.0]","[430.0, 460.0, 80.0]","[420.0, 460.0, 80.0]","[420.0, 450.0, 80.0]","[420.0, 450.0, 70.0]","[420.0, 450.0, 60.0]","[410.0, 450.0, 60.0]","[410.0, 440.0, 60.0]","[410.0, 440.0, 60]","[410.0, 440.0, 50]","[410.0, 440.0, 40]","[410.0, 440.0, 30]","[410.0, 440.0, 20]","[410.0, 440.0, 10]","[410.0, 440.0, 0]",,,,,,,,,,,,,,,,
route_10,"[1250.0, 1350.0, 0]","[1250.0, 1350.0, 10]","[1250.0, 1350.0, 20]","[1250.0, 1350.0, 30]","[1250.0, 1350.0, 40]","[1250.0, 1350.0, 50]","[1250.0, 1350.0, 60.0]","[1260.0, 1350.0, 60.0]","[1260.0, 1340.0, 60.0]","[1270.0, 1340.0, 60.0]","[1280.0, 1340.0, 60.0]","[1280.0, 1330.0, 60.0]","[1280.0, 1320.0, 60.0]","[1280.0, 1310.0, 60.0]","[1290.0, 1310.0, 60.0]","[1300.0, 1310.0, 60.0]","[1310.0, 1310.0, 60.0]","[1310.0, 1300.0, 60.0]","[1310.0, 1290.0, 60.0]","[1320.0, 1290.0, 60.0]","[1320.0, 1280.0, 60.0]","[1330.0, 1280.0, 60.0]","[1330.0, 1270.0, 60.0]","[1340.0, 1270.0, 60.0]","[1340.0, 1260.0, 60.0]","[1350.0, 1260.0, 60.0]","[1360.0, 1260.0, 60.0]","[1360.0, 1250.0, 60.0]","[1370.0, 1250.0, 60.0]","[1370.0, 1240.0, 60.0]","[1380.0, 1240.0, 60.0]","[1380.0, 1230.0, 60.0]","[1390.0, 1230.0, 60.0]","[1390.0, 1220.0, 60.0]","[1390.0, 1210.0, 60.0]","[1390.0, 1200.0, 60.0]","[1400.0, 1200.0, 60.0]","[1400.0, 1190.0, 60.0]","[1410.0, 1190.0, 60.0]","[1420.0, 1190.0, 60.0]","[1430.0, 1190.0, 60.0]","[1430.0, 1180.0, 60.0]","[1440.0, 1180.0, 60.0]","[1440.0, 1170.0, 60.0]","[1440.0, 1160.0, 60.0]","[1440.0, 1150.0, 60.0]","[1440.0, 1140.0, 60.0]","[1440.0, 1130.0, 60.0]","[1440.0, 1120.0, 60.0]","[1440.0, 1110.0, 60.0]","[1450.0, 1110.0, 60.0]","[1450.0, 1100.0, 60.0]","[1450.0, 1090.0, 60.0]","[1450.0, 1080.0, 60.0]","[1450.0, 1070.0, 60.0]","[1460.0, 1070.0, 60.0]","[1470.0, 1070.0, 60.0]","[1480.0, 1070.0, 60.0]","[1490.0, 1070.0, 60.0]","[1500.0, 1070.0, 60.0]","[1510.0, 1070.0, 60.0]","[1520.0, 1070.0, 60.0]","[1530.0, 1070.0, 60.0]","[1540.0, 1070.0, 60.0]","[1550.0, 1070.0, 60.0]","[1550.0, 1060.0, 60.0]","[1550.0, 1050.0, 60.0]","[1560.0, 1050.0, 60.0]","[1570.0, 1050.0, 60.0]","[1570.0, 1040.0, 60.0]","[1570.0, 1030.0, 60.0]","[1580.0, 1030.0, 60.0]","[1580.0, 1020.0, 60.0]","[1590.0, 1020.0, 60.0]","[1600.0, 1020.0, 60.0]","[1600.0, 1010.0, 60.0]","[1610.0, 1010.0, 60.0]","[1610.0, 1000.0, 60.0]","[1610.0, 990.0, 60.0]","[1620.0, 990.0, 60.0]","[1630.0, 990.0, 60.0]","[1630.0, 980.0, 60.0]","[1640.0, 980.0, 60.0]","[1650.0, 980.0, 60.0]","[1660.0, 980.0, 60.0]","[1660.0, 970.0, 60.0]","[1660.0, 960.0, 60.0]","[1660.0, 950.0, 60.0]","[1660.0, 940.0, 60.0]","[1670.0, 940.0, 60.0]","[1680.0, 940.0, 60.0]","[1680.0, 930.0, 60.0]","[1690.0, 930.0, 60.0]","[1690.0, 920.0, 60.0]","[1700.0, 920.0, 60.0]","[1700.0, 910.0, 60.0]","[1700.0, 910.0, 60]","[1700.0, 910.0, 50]","[1700.0, 910.0, 40]","[1700.0, 910.0, 30]","[1700.0, 910.0, 20]","[1700.0, 910.0, 10]","[1700.0, 910.0, 0]",,,,,,,,,,,,,,,,,,,,,,,,,,,,,,,,,,,,,,,,,,,,,,,,,,,,,,,,,,,,,,,,,,,,,,,,,,,,,,,,,,,,,,,,,,,,,,,,,,,,,,,,,,
route_11,"[1250.0, 1350.0, 0]","[1250.0, 1350.0, 10]","[1250.0, 1350.0, 20]","[1250.0, 1350.0, 30]","[1250.0, 1350.0, 40]","[1250.0, 1350.0, 50]","[1250.0, 1350.0, 60.0]","[1250.0, 1340.0, 60.0]","[1250.0, 1340.0, 70.0]","[1250.0, 1340.0, 80.0]","[1250.0, 1340.0, 90.0]","[1250.0, 1340.0, 100.0]","[1250.0, 1330.0, 100.0]","[1250.0, 1320.0, 100.0]","[1250.0, 1310.0, 100.0]","[1250.0, 1300.0, 100.0]","[1250.0, 1290.0, 100.0]","[1250.0, 1280.0, 100.0]","[1250.0, 1270.0, 100.0]","[1250.0, 1260.0, 100.0]","[1250.0, 1250.0, 100.0]","[1250.0, 1240.0, 100.0]","[1250.0, 1230.0, 100.0]","[1250.0, 1220.0, 100.0]","[1250.0, 1210.0, 100.0]","[1250.0, 1200.0, 100.0]","[1250.0, 1190.0, 100.0]","[1250.0, 1180.0, 100.0]","[1250.0, 1170.0, 100.0]","[1250.0, 1160.0, 100.0]","[1250.0, 1150.0, 100.0]","[1250.0, 1140.0, 100.0]","[1250.0, 1130.0, 100.0]","[1250.0, 1120.0, 100.0]","[1250.0, 1110.0, 100.0]","[1240.0, 1110.0, 100.0]","[1240.0, 1100.0, 100.0]","[1240.0, 1090.0, 100.0]","[1240.0, 1080.0, 100.0]","[1240.0, 1070.0, 100.0]","[1240.0, 1060.0, 100.0]","[1240.0, 1050.0, 100.0]","[1240.0, 1040.0, 100.0]","[1240.0, 1030.0, 100.0]","[1240.0, 1020.0, 100.0]","[1240.0, 1010.0, 100.0]","[1240.0, 1000.0, 100.0]","[1240.0, 990.0, 100.0]","[1240.0, 980.0, 100.0]","[1240.0, 970.0, 100.0]","[1240.0, 960.0, 100.0]","[1240.0, 950.0, 100.0]","[1240.0, 940.0, 100.0]","[1240.0, 930.0, 100.0]","[1240.0, 920.0, 100.0]","[1240.0, 910.0, 100.0]","[1240.0, 900.0, 100.0]","[1240.0, 890.0, 100.0]","[1240.0, 880.0, 100.0]","[1240.0, 870.0, 100.0]","[1240.0, 860.0, 100.0]","[1240.0, 850.0, 100.0]","[1240.0, 840.0, 100.0]","[1240.0, 830.0, 100.0]","[1240.0, 820.0, 100.0]","[1240.0, 810.0, 100.0]","[1240.0, 800.0, 100.0]","[1240.0, 790.0, 100.0]","[1240.0, 780.0, 100.0]","[1240.0, 770.0, 100.0]","[1240.0, 760.0, 100.0]","[1240.0, 750.0, 100.0]","[1240.0, 740.0, 100.0]","[1240.0, 730.0, 100.0]","[1240.0, 720.0, 100.0]","[1240.0, 710.0, 100.0]","[1240.0, 700.0, 100.0]","[1240.0, 690.0, 100.0]","[1240.0, 680.0, 100.0]","[1240.0, 670.0, 100.0]","[1240.0, 660.0, 100.0]","[1240.0, 650.0, 100.0]","[1240.0, 640.0, 100.0]","[1240.0, 630.0, 100.0]","[1240.0, 620.0, 100.0]","[1240.0, 610.0, 100.0]","[1240.0, 600.0, 100.0]","[1240.0, 590.0, 100.0]","[1240.0, 580.0, 100.0]","[1240.0, 570.0, 100.0]","[1240.0, 560.0, 100.0]","[1240.0, 550.0, 100.0]","[1240.0, 540.0, 100.0]","[1240.0, 530.0, 100.0]","[1240.0, 520.0, 100.0]","[1240.0, 510.0, 100.0]","[1240.0, 510.0, 90.0]","[1250.0, 510.0, 90.0]","[1260.0, 510.0, 90.0]","[1260.0, 500.0, 90.0]","[1260.0, 490.0, 90.0]","[1260.0, 490.0, 80.0]","[1260.0, 490.0, 70.0]","[1260.0, 480.0, 70.0]","[1260.0, 480.0, 60.0]","[1270.0, 480.0, 60.0]","[1270.0, 470.0, 60.0]","[1270.0, 470.0, 60]","[1270.0, 470.0, 50]","[1270.0, 470.0, 40]","[1270.0, 470.0, 30]","[1270.0, 470.0, 20]","[1270.0, 470.0, 10]","[1270.0, 470.0, 0]",,,,,,,,,,,,,,,,,,,,,,,,,,,,,,,,,,,,,,,,,,,,,,,,,,,,,,,,,,,,,,,,,,,,,,,,,,,,,,,,,,,,,,,,,,,,,,,
route_12,"[1250.0, 1350.0, 0]","[1250.0, 1350.0, 10]","[1250.0, 1350.0, 20]","[1250.0, 1350.0, 30]","[1250.0, 1350.0, 40]","[1250.0, 1350.0, 50]","[1250.0, 1350.0, 60.0]","[1250.0, 1340.0, 60.0]","[1250.0, 1330.0, 60.0]","[1250.0, 1320.0, 60.0]","[1240.0, 1320.0, 60.0]","[1230.0, 1320.0, 60.0]","[1230.0, 1320.0, 70.0]","[1230.0, 1320.0, 80.0]","[1230.0, 1310.0, 80.0]","[1230.0, 1300.0, 80.0]","[1230.0, 1290.0, 80.0]","[1220.0, 1290.0, 80.0]","[1220.0, 1280.0, 80.0]","[1220.0, 1280.0, 90.0]","[1220.0, 1280.0, 100.0]","[1220.0, 1270.0, 100.0]","[1220.0, 1260.0, 100.0]","[1220.0, 1250.0, 100.0]","[1220.0, 1240.0, 100.0]","[1220.0, 1230.0, 100.0]","[1220.0, 1220.0, 100.0]","[1220.0, 1210.0, 100.0]","[1220.0, 1200.0, 100.0]","[1220.0, 1190.0, 100.0]","[1220.0, 1180.0, 100.0]","[1220.0, 1170.0, 100.0]","[1220.0, 1160.0, 100.0]","[1220.0, 1150.0, 100.0]","[1220.0, 1140.0, 100.0]","[1220.0, 1130.0, 100.0]","[1220.0, 1120.0, 100.0]","[1220.0, 1110.0, 100.0]","[1220.0, 1100.0, 100.0]","[1220.0, 1090.0, 100.0]","[1220.0, 1080.0, 100.0]","[1220.0, 1070.0, 100.0]","[1220.0, 1060.0, 100.0]","[1220.0, 1050.0, 100.0]","[1220.0, 1040.0, 100.0]","[1220.0, 1030.0, 100.0]","[1220.0, 1020.0, 100.0]","[1220.0, 1010.0, 100.0]","[1220.0, 1000.0, 100.0]","[1220.0, 990.0, 100.0]","[1220.0, 980.0, 100.0]","[1210.0, 980.0, 100.0]","[1210.0, 970.0, 100.0]","[1200.0, 970.0, 100.0]","[1200.0, 960.0, 100.0]","[1190.0, 960.0, 100.0]","[1180.0, 960.0, 100.0]","[1180.0, 950.0, 100.0]","[1170.0, 950.0, 100.0]","[1170.0, 950.0, 90.0]","[1170.0, 940.0, 90.0]","[1170.0, 930.0, 90.0]","[1160.0, 930.0, 90.0]","[1160.0, 930.0, 80.0]","[1160.0, 920.0, 80.0]","[1150.0, 920.0, 80.0]","[1150.0, 920.0, 70.0]","[1150.0, 920.0, 60.0]","[1140.0, 920.0, 60.0]","[1140.0, 910.0, 60.0]","[1140.0, 910.0, 60]","[1140.0, 910.0, 50]","[1140.0, 910.0, 40]","[1140.0, 910.0, 30]","[1140.0, 910.0, 20]","[1140.0, 910.0, 10]","[1140.0, 910.0, 0]",,,,,,,,,,,,,,,,,,,,,,,,,,,,,,,,,,,,,,,,,,,,,,,,,,,,,,,,,,,,,,,,,,,,,,,,,,,,,,,,,,,,,,,,,,,,,,,,,,,,,,,,,,,,,,,,,,,,,,,,,,,,,,,,,,,,
route_13,"[1250.0, 1350.0, 0]","[1250.0, 1350.0, 10]","[1250.0, 1350.0, 20]","[1250.0, 1350.0, 30]","[1250.0, 1350.0, 40]","[1250.0, 1350.0, 50]","[1250.0, 1350.0, 60.0]","[1250.0, 1340.0, 60.0]","[1250.0, 1330.0, 60.0]","[1250.0, 1320.0, 60.0]","[1260.0, 1320.0, 60.0]","[1270.0, 1320.0, 60.0]","[1270.0, 1320.0, 70.0]","[1270.0, 1320.0, 80.0]","[1270.0, 1310.0, 80.0]","[1270.0, 1300.0, 80.0]","[1270.0, 1290.0, 80.0]","[1270.0, 1280.0, 80.0]","[1270.0, 1270.0, 80.0]","[1270.0, 1260.0, 80.0]","[1270.0, 1250.0, 80.0]","[1270.0, 1240.0, 80.0]","[1270.0, 1230.0, 80.0]","[1270.0, 1220.0, 80.0]","[1270.0, 1210.0, 80.0]","[1270.0, 1200.0, 80.0]","[1270.0, 1190.0, 80.0]","[1270.0, 1180.0, 80.0]","[1270.0, 1170.0, 80.0]","[1270.0, 1160.0, 80.0]","[1270.0, 1150.0, 80.0]","[1270.0, 1140.0, 80.0]","[1270.0, 1130.0, 80.0]","[1270.0, 1120.0, 80.0]","[1280.0, 1120.0, 80.0]","[1280.0, 1110.0, 80.0]","[1280.0, 1100.0, 80.0]","[1280.0, 1090.0, 80.0]","[1280.0, 1080.0, 80.0]","[1280.0, 1070.0, 80.0]","[1290.0, 1070.0, 80.0]","[1290.0, 1060.0, 80.0]","[1290.0, 1050.0, 80.0]","[1290.0, 1040.0, 80.0]","[1290.0, 1030.0, 80.0]","[1290.0, 1020.0, 80.0]","[1290.0, 1010.0, 80.0]","[1300.0, 1010.0, 80.0]","[1300.0, 1000.0, 80.0]","[1300.0, 990.0, 80.0]","[1300.0, 980.0, 80.0]","[1300.0, 970.0, 80.0]","[1300.0, 960.0, 80.0]","[1300.0, 950.0, 80.0]","[1310.0, 950.0, 80.0]","[1310.0, 940.0, 80.0]","[1310.0, 930.0, 80.0]","[1310.0, 920.0, 80.0]","[1310.0, 910.0, 80.0]","[1310.0, 900.0, 80.0]","[1310.0, 890.0, 80.0]","[1310.0, 880.0, 80.0]","[1310.0, 870.0, 80.0]","[1310.0, 860.0, 80.0]","[1310.0, 850.0, 80.0]","[1310.0, 840.0, 80.0]","[1310.0, 830.0, 80.0]","[1310.0, 820.0, 80.0]","[1310.0, 810.0, 80.0]","[1310.0, 800.0, 80.0]","[1310.0, 790.0, 80.0]","[1320.0, 790.0, 80.0]","[1320.0, 780.0, 80.0]","[1320.0, 770.0, 80.0]","[1330.0, 770.0, 80.0]","[1330.0, 760.0, 80.0]","[1340.0, 760.0, 80.0]","[1340.0, 750.0, 80.0]","[1350.0, 750.0, 80.0]","[1360.0, 750.0, 80.0]","[1360.0, 740.0, 80.0]","[1370.0, 740.0, 80.0]","[1370.0, 730.0, 80.0]","[1370.0, 720.0, 80.0]","[1380.0, 720.0, 80.0]","[1380.0, 710.0, 80.0]","[1390.0, 710.0, 80.0]","[1400.0, 710.0, 80.0]","[1400.0, 700.0, 80.0]","[1410.0, 700.0, 80.0]","[1410.0, 690.0, 80.0]","[1420.0, 690.0, 80.0]","[1420.0, 680.0, 80.0]","[1430.0, 680.0, 80.0]","[1430.0, 670.0, 80.0]","[1430.0, 660.0, 80.0]","[1440.0, 660.0, 80.0]","[1450.0, 660.0, 80.0]","[1450.0, 650.0, 80.0]","[1460.0, 650.0, 80.0]","[1460.0, 640.0, 80.0]","[1460.0, 630.0, 80.0]","[1470.0, 630.0, 80.0]","[1480.0, 630.0, 80.0]","[1480.0, 620.0, 80.0]","[1490.0, 620.0, 80.0]","[1490.0, 610.0, 80.0]","[1500.0, 610.0, 80.0]","[1500.0, 600.0, 80.0]","[1510.0, 600.0, 80.0]","[1510.0, 590.0, 80.0]","[1520.0, 590.0, 80.0]","[1520.0, 580.0, 80.0]","[1530.0, 580.0, 80.0]","[1530.0, 570.0, 80.0]","[1530.0, 560.0, 80.0]","[1540.0, 560.0, 80.0]","[1540.0, 550.0, 80.0]","[1550.0, 550.0, 80.0]","[1550.0, 540.0, 80.0]","[1560.0, 540.0, 80.0]","[1570.0, 540.0, 80.0]","[1570.0, 530.0, 80.0]","[1570.0, 520.0, 80.0]","[1580.0, 520.0, 80.0]","[1580.0, 510.0, 80.0]","[1590.0, 510.0, 80.0]","[1590.0, 500.0, 80.0]","[1600.0, 500.0, 80.0]","[1600.0, 490.0, 80.0]","[1610.0, 490.0, 80.0]","[1620.0, 490.0, 80.0]","[1620.0, 480.0, 80.0]","[1620.0, 470.0, 80.0]","[1620.0, 460.0, 80.0]","[1630.0, 460.0, 80.0]","[1640.0, 460.0, 80.0]","[1640.0, 450.0, 80.0]","[1650.0, 450.0, 80.0]","[1660.0, 450.0, 80.0]","[1660.0, 440.0, 80.0]","[1670.0, 440.0, 80.0]","[1670.0, 430.0, 80.0]","[1670.0, 420.0, 80.0]","[1680.0, 420.0, 80.0]","[1690.0, 420.0, 80.0]","[1690.0, 410.0, 80.0]","[1700.0, 410.0, 80.0]","[1700.0, 400.0, 80.0]","[1700.0, 390.0, 80.0]","[1710.0, 390.0, 80.0]","[1720.0, 390.0, 80.0]","[1720.0, 380.0, 80.0]","[1720.0, 380.0, 70.0]","[1720.0, 370.0, 70.0]","[1730.0, 370.0, 70.0]","[1740.0, 370.0, 70.0]","[1740.0, 370.0, 60.0]","[1740.0, 360.0, 60.0]","[1740.0, 360.0, 60]","[1740.0, 360.0, 50]","[1740.0, 360.0, 40]","[1740.0, 360.0, 30]","[1740.0, 360.0, 20]","[1740.0, 360.0, 10]","[1740.0, 360.0, 0]",,,,,,,,,,,,,,,,,,,,,,,,,,,,,,,,,,,,,,,,,,,
route_14,"[1250.0, 1350.0, 0]","[1250.0, 1350.0, 10]","[1250.0, 1350.0, 20]","[1250.0, 1350.0, 30]","[1250.0, 1350.0, 40]","[1250.0, 1350.0, 50]","[1250.0, 1350.0, 60.0]","[1250.0, 1340.0, 60.0]","[1260.0, 1340.0, 60.0]","[1270.0, 1340.0, 60.0]","[1280.0, 1340.0, 60.0]","[1280.0, 1340.0, 70.0]","[1280.0, 1340.0, 80.0]","[1290.0, 1340.0, 80.0]","[1290.0, 1330.0, 80.0]","[1290.0, 1320.0, 80.0]","[1290.0, 1310.0, 80.0]","[1290.0, 1300.0, 80.0]","[1290.0, 1290.0, 80.0]","[1290.0, 1280.0, 80.0]","[1290.0, 1270.0, 80.0]","[1290.0, 1260.0, 80.0]","[1290.0, 1250.0, 80.0]","[1290.0, 1240.0, 80.0]","[1290.0, 1230.0, 80.0]","[1290.0, 1220.0, 80.0]","[1290.0, 1210.0, 80.0]","[1290.0, 1200.0, 80.0]","[1290.0, 1190.0, 80.0]","[1290.0, 1180.0, 80.0]","[1290.0, 1170.0, 80.0]","[1290.0, 1160.0, 80.0]","[1290.0, 1150.0, 80.0]","[1290.0, 1140.0, 80.0]","[1300.0, 1140.0, 80.0]","[1300.0, 1130.0, 80.0]","[1300.0, 1120.0, 80.0]","[1300.0, 1110.0, 80.0]","[1300.0, 1100.0, 80.0]","[1300.0, 1090.0, 80.0]","[1310.0, 1090.0, 80.0]","[1310.0, 1080.0, 80.0]","[1310.0, 1070.0, 80.0]","[1310.0, 1060.0, 80.0]","[1310.0, 1050.0, 80.0]","[1310.0, 1040.0, 80.0]","[1310.0, 1030.0, 80.0]","[1320.0, 1030.0, 80.0]","[1320.0, 1020.0, 80.0]","[1320.0, 1010.0, 80.0]","[1320.0, 1000.0, 80.0]","[1320.0, 990.0, 80.0]","[1320.0, 980.0, 80.0]","[1330.0, 980.0, 80.0]","[1330.0, 970.0, 80.0]","[1330.0, 960.0, 80.0]","[1340.0, 960.0, 80.0]","[1340.0, 950.0, 80.0]","[1350.0, 950.0, 80.0]","[1350.0, 940.0, 80.0]","[1350.0, 930.0, 80.0]","[1350.0, 920.0, 80.0]","[1350.0, 910.0, 80.0]","[1360.0, 910.0, 80.0]","[1360.0, 900.0, 80.0]","[1360.0, 890.0, 80.0]","[1360.0, 880.0, 80.0]","[1360.0, 870.0, 80.0]","[1360.0, 860.0, 80.0]","[1370.0, 860.0, 80.0]","[1380.0, 860.0, 80.0]","[1390.0, 860.0, 80.0]","[1400.0, 860.0, 80.0]","[1410.0, 860.0, 80.0]","[1420.0, 860.0, 80.0]","[1430.0, 860.0, 80.0]","[1440.0, 860.0, 80.0]","[1450.0, 860.0, 80.0]","[1450.0, 850.0, 80.0]","[1450.0, 840.0, 80.0]","[1460.0, 840.0, 80.0]","[1460.0, 830.0, 80.0]","[1470.0, 830.0, 80.0]","[1470.0, 830.0, 70.0]","[1470.0, 820.0, 70.0]","[1480.0, 820.0, 70.0]","[1480.0, 810.0, 70.0]","[1480.0, 810.0, 60.0]","[1490.0, 810.0, 60.0]","[1490.0, 810.0, 60]","[1490.0, 810.0, 50]","[1490.0, 810.0, 40]","[1490.0, 810.0, 30]","[1490.0, 810.0, 20]","[1490.0, 810.0, 10]","[1490.0, 810.0, 0]",,,,,,,,,,,,,,,,,,,,,,,,,,,,,,,,,,,,,,,,,,,,,,,,,,,,,,,,,,,,,,,,,,,,,,,,,,,,,,,,,,,,,,,,,,,,,,,,,,,,,,,,,,,,,,,,,
route_15,"[1250.0, 1350.0, 0]","[1250.0, 1350.0, 10]","[1250.0, 1350.0, 20]","[1250.0, 1350.0, 30]","[1250.0, 1350.0, 40]","[1250.0, 1350.0, 50]","[1250.0, 1350.0, 60.0]","[1250.0, 1340.0, 60.0]","[1240.0, 1340.0, 60.0]","[1230.0, 1340.0, 60.0]","[1220.0, 1340.0, 60.0]","[1220.0, 1340.0, 70.0]","[1220.0, 1340.0, 80.0]","[1210.0, 1340.0, 80.0]","[1210.0, 1330.0, 80.0]","[1210.0, 1320.0, 80.0]","[1210.0, 1310.0, 80.0]","[1200.0, 1310.0, 80.0]","[1200.0, 1300.0, 80.0]","[1200.0, 1290.0, 80.0]","[1200.0, 1280.0, 80.0]","[1200.0, 1270.0, 80.0]","[1200.0, 1260.0, 80.0]","[1200.0, 1260.0, 90.0]","[1200.0, 1260.0, 100.0]","[1200.0, 1250.0, 100.0]","[1200.0, 1240.0, 100.0]","[1200.0, 1230.0, 100.0]","[1200.0, 1220.0, 100.0]","[1200.0, 1210.0, 100.0]","[1200.0, 1200.0, 100.0]","[1200.0, 1190.0, 100.0]","[1200.0, 1180.0, 100.0]","[1200.0, 1170.0, 100.0]","[1200.0, 1160.0, 100.0]","[1200.0, 1150.0, 100.0]","[1200.0, 1140.0, 100.0]","[1200.0, 1130.0, 100.0]","[1200.0, 1120.0, 100.0]","[1200.0, 1110.0, 100.0]","[1200.0, 1100.0, 100.0]","[1200.0, 1090.0, 100.0]","[1200.0, 1080.0, 100.0]","[1200.0, 1070.0, 100.0]","[1200.0, 1060.0, 100.0]","[1200.0, 1050.0, 100.0]","[1200.0, 1040.0, 100.0]","[1200.0, 1030.0, 100.0]","[1200.0, 1020.0, 100.0]","[1200.0, 1010.0, 100.0]","[1200.0, 1000.0, 100.0]","[1190.0, 1000.0, 100.0]","[1190.0, 990.0, 100.0]","[1180.0, 990.0, 100.0]","[1180.0, 980.0, 100.0]","[1170.0, 980.0, 100.0]","[1160.0, 980.0, 100.0]","[1160.0, 970.0, 100.0]","[1150.0, 970.0, 100.0]","[1150.0, 960.0, 100.0]","[1150.0, 950.0, 100.0]","[1140.0, 950.0, 100.0]","[1140.0, 940.0, 100.0]","[1140.0, 930.0, 100.0]","[1140.0, 920.0, 100.0]","[1140.0, 910.0, 100.0]","[1140.0, 900.0, 100.0]","[1140.0, 890.0, 100.0]","[1140.0, 880.0, 100.0]","[1140.0, 870.0, 100.0]","[1140.0, 860.0, 100.0]","[1140.0, 850.0, 100.0]","[1140.0, 840.0, 100.0]","[1140.0, 830.0, 100.0]","[1140.0, 820.0, 100.0]","[1140.0, 810.0, 100.0]","[1140.0, 800.0, 100.0]","[1140.0, 790.0, 100.0]","[1140.0, 780.0, 100.0]","[1140.0, 770.0, 100.0]","[1140.0, 760.0, 100.0]","[1140.0, 750.0, 100.0]","[1140.0, 740.0, 100.0]","[1140.0, 730.0, 100.0]","[1140.0, 720.0, 100.0]","[1140.0, 710.0, 100.0]","[1140.0, 700.0, 100.0]","[1140.0, 690.0, 100.0]","[1140.0, 680.0, 100.0]","[1140.0, 670.0, 100.0]","[1140.0, 660.0, 100.0]","[1140.0, 650.0, 100.0]","[1140.0, 640.0, 100.0]","[1140.0, 630.0, 100.0]","[1140.0, 620.0, 100.0]","[1140.0, 610.0, 100.0]","[1140.0, 600.0, 100.0]","[1140.0, 590.0, 100.0]","[1140.0, 580.0, 100.0]","[1140.0, 570.0, 100.0]","[1140.0, 560.0, 100.0]","[1140.0, 550.0, 100.0]","[1140.0, 540.0, 100.0]","[1140.0, 530.0, 100.0]","[1140.0, 520.0, 100.0]","[1140.0, 510.0, 100.0]","[1140.0, 500.0, 100.0]","[1140.0, 490.0, 100.0]","[1140.0, 480.0, 100.0]","[1140.0, 470.0, 100.0]","[1140.0, 460.0, 100.0]","[1140.0, 450.0, 100.0]","[1140.0, 440.0, 100.0]","[1140.0, 430.0, 100.0]","[1140.0, 420.0, 100.0]","[1140.0, 410.0, 100.0]","[1140.0, 400.0, 100.0]","[1140.0, 390.0, 100.0]","[1140.0, 380.0, 100.0]","[1140.0, 370.0, 100.0]","[1140.0, 360.0, 100.0]","[1130.0, 360.0, 100.0]","[1130.0, 350.0, 100.0]","[1120.0, 350.0, 100.0]","[1120.0, 340.0, 100.0]","[1120.0, 330.0, 100.0]","[1120.0, 320.0, 100.0]","[1120.0, 310.0, 100.0]","[1110.0, 310.0, 100.0]","[1100.0, 310.0, 100.0]","[1090.0, 310.0, 100.0]","[1080.0, 310.0, 100.0]","[1070.0, 310.0, 100.0]","[1070.0, 300.0, 100.0]","[1060.0, 300.0, 100.0]","[1060.0, 290.0, 100.0]","[1050.0, 290.0, 100.0]","[1050.0, 280.0, 100.0]","[1040.0, 280.0, 100.0]","[1040.0, 270.0, 100.0]","[1040.0, 260.0, 100.0]","[1030.0, 260.0, 100.0]","[1020.0, 260.0, 100.0]","[1020.0, 250.0, 100.0]","[1020.0, 240.0, 100.0]","[1010.0, 240.0, 100.0]","[1000.0, 240.0, 100.0]","[1000.0, 230.0, 100.0]","[990.0, 230.0, 100.0]","[990.0, 220.0, 100.0]","[980.0, 220.0, 100.0]","[980.0, 210.0, 100.0]","[980.0, 210.0, 90.0]","[970.0, 210.0, 90.0]","[970.0, 200.0, 90.0]","[970.0, 200.0, 80.0]","[960.0, 200.0, 80.0]","[960.0, 190.0, 80.0]","[960.0, 190.0, 70.0]","[960.0, 190.0, 60.0]","[950.0, 190.0, 60.0]","[950.0, 180.0, 60.0]","[950.0, 180.0, 60]","[950.0, 180.0, 50]","[950.0, 180.0, 40]","[950.0, 180.0, 30]","[950.0, 180.0, 20]","[950.0, 180.0, 10]","[950.0, 180.0, 0]",,,,,,,,,,,,,,,,,,,,,,,,,,,,,,,,,,,,,,,,
route_16,"[1250.0, 1350.0, 0]","[1250.0, 1350.0, 10]","[1250.0, 1350.0, 20]","[1250.0, 1350.0, 30]","[1250.0, 1350.0, 40]","[1250.0, 1350.0, 50]","[1250.0, 1350.0, 60.0]","[1260.0, 1350.0, 60.0]","[1270.0, 1350.0, 60.0]","[1280.0, 1350.0, 60.0]","[1280.0, 1350.0, 70.0]","[1280.0, 1360.0, 70.0]","[1280.0, 1360.0, 80.0]","[1290.0, 1360.0, 80.0]","[1300.0, 1360.0, 80.0]","[1310.0, 1360.0, 80.0]","[1310.0, 1350.0, 80.0]","[1310.0, 1340.0, 80.0]","[1310.0, 1330.0, 80.0]","[1310.0, 1320.0, 80.0]","[1310.0, 1310.0, 80.0]","[1310.0, 1300.0, 80.0]","[1310.0, 1290.0, 80.0]","[1310.0, 1280.0, 80.0]","[1310.0, 1270.0, 80.0]","[1310.0, 1260.0, 80.0]","[1310.0, 1250.0, 80.0]","[1310.0, 1240.0, 80.0]","[1310.0, 1230.0, 80.0]","[1310.0, 1220.0, 80.0]","[1320.0, 1220.0, 80.0]","[1330.0, 1220.0, 80.0]","[1340.0, 1220.0, 80.0]","[1350.0, 1220.0, 80.0]","[1360.0, 1220.0, 80.0]","[1370.0, 1220.0, 80.0]","[1370.0, 1210.0, 80.0]","[1380.0, 1210.0, 80.0]","[1390.0, 1210.0, 80.0]","[1390.0, 1200.0, 80.0]","[1390.0, 1190.0, 80.0]","[1390.0, 1180.0, 80.0]","[1400.0, 1180.0, 80.0]","[1400.0, 1170.0, 80.0]","[1400.0, 1160.0, 80.0]","[1400.0, 1150.0, 80.0]","[1400.0, 1140.0, 80.0]","[1400.0, 1130.0, 80.0]","[1400.0, 1120.0, 80.0]","[1400.0, 1110.0, 80.0]","[1400.0, 1100.0, 80.0]","[1400.0, 1090.0, 80.0]","[1400.0, 1080.0, 80.0]","[1400.0, 1070.0, 80.0]","[1410.0, 1070.0, 80.0]","[1410.0, 1060.0, 80.0]","[1410.0, 1050.0, 80.0]","[1420.0, 1050.0, 80.0]","[1420.0, 1040.0, 80.0]","[1430.0, 1040.0, 80.0]","[1440.0, 1040.0, 80.0]","[1450.0, 1040.0, 80.0]","[1460.0, 1040.0, 80.0]","[1470.0, 1040.0, 80.0]","[1480.0, 1040.0, 80.0]","[1490.0, 1040.0, 80.0]","[1500.0, 1040.0, 80.0]","[1510.0, 1040.0, 80.0]","[1520.0, 1040.0, 80.0]","[1530.0, 1040.0, 80.0]","[1540.0, 1040.0, 80.0]","[1550.0, 1040.0, 80.0]","[1550.0, 1030.0, 80.0]","[1550.0, 1020.0, 80.0]","[1550.0, 1010.0, 80.0]","[1550.0, 1000.0, 80.0]","[1550.0, 990.0, 80.0]","[1560.0, 990.0, 80.0]","[1560.0, 980.0, 80.0]","[1560.0, 970.0, 80.0]","[1560.0, 960.0, 80.0]","[1560.0, 950.0, 80.0]","[1560.0, 940.0, 80.0]","[1560.0, 930.0, 80.0]","[1570.0, 930.0, 80.0]","[1570.0, 920.0, 80.0]","[1570.0, 910.0, 80.0]","[1570.0, 900.0, 80.0]","[1570.0, 890.0, 80.0]","[1580.0, 890.0, 80.0]","[1590.0, 890.0, 80.0]","[1600.0, 890.0, 80.0]","[1610.0, 890.0, 80.0]","[1620.0, 890.0, 80.0]","[1630.0, 890.0, 80.0]","[1640.0, 890.0, 80.0]","[1650.0, 890.0, 80.0]","[1660.0, 890.0, 80.0]","[1670.0, 890.0, 80.0]","[1680.0, 890.0, 80.0]","[1680.0, 880.0, 80.0]","[1690.0, 880.0, 80.0]","[1690.0, 870.0, 80.0]","[1690.0, 860.0, 80.0]","[1690.0, 850.0, 80.0]","[1690.0, 840.0, 80.0]","[1690.0, 830.0, 80.0]","[1700.0, 830.0, 80.0]","[1700.0, 820.0, 80.0]","[1700.0, 810.0, 80.0]","[1700.0, 800.0, 80.0]","[1700.0, 790.0, 80.0]","[1700.0, 780.0, 80.0]","[1700.0, 770.0, 80.0]","[1700.0, 760.0, 80.0]","[1710.0, 760.0, 80.0]","[1720.0, 760.0, 80.0]","[1730.0, 760.0, 80.0]","[1740.0, 760.0, 80.0]","[1740.0, 750.0, 80.0]","[1750.0, 750.0, 80.0]","[1750.0, 740.0, 80.0]","[1750.0, 730.0, 80.0]","[1750.0, 720.0, 80.0]","[1750.0, 710.0, 80.0]","[1760.0, 710.0, 80.0]","[1760.0, 700.0, 80.0]","[1770.0, 700.0, 80.0]","[1770.0, 690.0, 80.0]","[1770.0, 680.0, 80.0]","[1780.0, 680.0, 80.0]","[1790.0, 680.0, 80.0]","[1790.0, 670.0, 80.0]","[1800.0, 670.0, 80.0]","[1800.0, 660.0, 80.0]","[1800.0, 650.0, 80.0]","[1810.0, 650.0, 80.0]","[1820.0, 650.0, 80.0]","[1820.0, 640.0, 80.0]","[1820.0, 640.0, 70.0]","[1820.0, 640.0, 60.0]","[1820.0, 630.0, 60.0]","[1830.0, 630.0, 60.0]","[1830.0, 630.0, 60]","[1830.0, 630.0, 50]","[1830.0, 630.0, 40]","[1830.0, 630.0, 30]","[1830.0, 630.0, 20]","[1830.0, 630.0, 10]","[1830.0, 630.0, 0]",,,,,,,,,,,,,,,,,,,,,,,,,,,,,,,,,,,,,,,,,,,,,,,,,,,,,,,,,,,
route_17,"[1250.0, 1350.0, 0]","[1250.0, 1350.0, 10]","[1250.0, 1350.0, 20]","[1250.0, 1350.0, 30]","[1250.0, 1350.0, 40]","[1250.0, 1350.0, 50]","[1250.0, 1350.0, 60.0]","[1240.0, 1350.0, 60.0]","[1230.0, 1350.0, 60.0]","[1220.0, 1350.0, 60.0]","[1220.0, 1350.0, 70.0]","[1220.0, 1360.0, 70.0]","[1220.0, 1360.0, 80.0]","[1210.0, 1360.0, 80.0]","[1200.0, 1360.0, 80.0]","[1190.0, 1360.0, 80.0]","[1180.0, 1360.0, 80.0]","[1170.0, 1360.0, 80.0]","[1160.0, 1360.0, 80.0]","[1150.0, 1360.0, 80.0]","[1140.0, 1360.0, 80.0]","[1130.0, 1360.0, 80.0]","[1120.0, 1360.0, 80.0]","[1110.0, 1360.0, 80.0]","[1100.0, 1360.0, 80.0]","[1090.0, 1360.0, 80.0]","[1080.0, 1360.0, 80.0]","[1070.0, 1360.0, 80.0]","[1060.0, 1360.0, 80.0]","[1050.0, 1360.0, 80.0]","[1040.0, 1360.0, 80.0]","[1030.0, 1360.0, 80.0]","[1020.0, 1360.0, 80.0]","[1010.0, 1360.0, 80.0]","[1000.0, 1360.0, 80.0]","[990.0, 1360.0, 80.0]","[980.0, 1360.0, 80.0]","[970.0, 1360.0, 80.0]","[960.0, 1360.0, 80.0]","[950.0, 1360.0, 80.0]","[940.0, 1360.0, 80.0]","[930.0, 1360.0, 80.0]","[920.0, 1360.0, 80.0]","[910.0, 1360.0, 80.0]","[900.0, 1360.0, 80.0]","[890.0, 1360.0, 80.0]","[880.0, 1360.0, 80.0]","[870.0, 1360.0, 80.0]","[860.0, 1360.0, 80.0]","[850.0, 1360.0, 80.0]","[850.0, 1350.0, 80.0]","[840.0, 1350.0, 80.0]","[840.0, 1340.0, 80.0]","[840.0, 1330.0, 80.0]","[830.0, 1330.0, 80.0]","[830.0, 1320.0, 80.0]","[820.0, 1320.0, 80.0]","[820.0, 1310.0, 80.0]","[810.0, 1310.0, 80.0]","[800.0, 1310.0, 80.0]","[800.0, 1300.0, 80.0]","[790.0, 1300.0, 80.0]","[790.0, 1290.0, 80.0]","[790.0, 1280.0, 80.0]","[780.0, 1280.0, 80.0]","[770.0, 1280.0, 80.0]","[770.0, 1270.0, 80.0]","[770.0, 1260.0, 80.0]","[760.0, 1260.0, 80.0]","[750.0, 1260.0, 80.0]","[750.0, 1250.0, 80.0]","[750.0, 1240.0, 80.0]","[740.0, 1240.0, 80.0]","[730.0, 1240.0, 80.0]","[730.0, 1230.0, 80.0]","[730.0, 1220.0, 80.0]","[720.0, 1220.0, 80.0]","[710.0, 1220.0, 80.0]","[710.0, 1210.0, 80.0]","[700.0, 1210.0, 80.0]","[700.0, 1200.0, 80.0]","[700.0, 1190.0, 80.0]","[690.0, 1190.0, 80.0]","[690.0, 1180.0, 80.0]","[680.0, 1180.0, 80.0]","[680.0, 1170.0, 80.0]","[680.0, 1170.0, 70.0]","[670.0, 1170.0, 70.0]","[670.0, 1170.0, 60.0]","[660.0, 1170.0, 60.0]","[660.0, 1160.0, 60.0]","[660.0, 1160.0, 60]","[660.0, 1160.0, 50]","[660.0, 1160.0, 40]","[660.0, 1160.0, 30]","[660.0, 1160.0, 20]","[660.0, 1160.0, 10]","[660.0, 1160.0, 0]",,,,,,,,,,,,,,,,,,,,,,,,,,,,,,,,,,,,,,,,,,,,,,,,,,,,,,,,,,,,,,,,,,,,,,,,,,,,,,,,,,,,,,,,,,,,,,,,,,,,,,,,,,,,,,,
route_18,"[1250.0, 1350.0, 0]","[1250.0, 1350.0, 10]","[1250.0, 1350.0, 20]","[1250.0, 1350.0, 30]","[1250.0, 1350.0, 40]","[1250.0, 1350.0, 50]","[1250.0, 1350.0, 60.0]","[1240.0, 1350.0, 60.0]","[1240.0, 1350.0, 70.0]","[1240.0, 1360.0, 70.0]","[1240.0, 1360.0, 80.0]","[1240.0, 1360.0, 90.0]","[1240.0, 1360.0, 100.0]","[1230.0, 1360.0, 100.0]","[1230.0, 1350.0, 100.0]","[1230.0, 1340.0, 100.0]","[1230.0, 1330.0, 100.0]","[1230.0, 1320.0, 100.0]","[1230.0, 1310.0, 100.0]","[1230.0, 1300.0, 100.0]","[1220.0, 1300.0, 100.0]","[1210.0, 1300.0, 100.0]","[1200.0, 1300.0, 100.0]","[1200.0, 1290.0, 100.0]","[1200.0, 1280.0, 100.0]","[1190.0, 1280.0, 100.0]","[1180.0, 1280.0, 100.0]","[1180.0, 1270.0, 100.0]","[1180.0, 1260.0, 100.0]","[1180.0, 1250.0, 100.0]","[1180.0, 1240.0, 100.0]","[1180.0, 1230.0, 100.0]","[1180.0, 1220.0, 100.0]","[1180.0, 1210.0, 100.0]","[1180.0, 1200.0, 100.0]","[1180.0, 1190.0, 100.0]","[1180.0, 1180.0, 100.0]","[1180.0, 1170.0, 100.0]","[1180.0, 1160.0, 100.0]","[1180.0, 1150.0, 100.0]","[1180.0, 1140.0, 100.0]","[1180.0, 1130.0, 100.0]","[1180.0, 1120.0, 100.0]","[1180.0, 1110.0, 100.0]","[1180.0, 1100.0, 100.0]","[1180.0, 1090.0, 100.0]","[1180.0, 1080.0, 100.0]","[1180.0, 1070.0, 100.0]","[1180.0, 1060.0, 100.0]","[1180.0, 1050.0, 100.0]","[1180.0, 1040.0, 100.0]","[1180.0, 1030.0, 100.0]","[1180.0, 1020.0, 100.0]","[1170.0, 1020.0, 100.0]","[1170.0, 1010.0, 100.0]","[1160.0, 1010.0, 100.0]","[1160.0, 1000.0, 100.0]","[1150.0, 1000.0, 100.0]","[1140.0, 1000.0, 100.0]","[1140.0, 990.0, 100.0]","[1130.0, 990.0, 100.0]","[1130.0, 980.0, 100.0]","[1130.0, 970.0, 100.0]","[1120.0, 970.0, 100.0]","[1120.0, 960.0, 100.0]","[1120.0, 950.0, 100.0]","[1120.0, 940.0, 100.0]","[1120.0, 930.0, 100.0]","[1120.0, 920.0, 100.0]","[1120.0, 910.0, 100.0]","[1120.0, 900.0, 100.0]","[1120.0, 890.0, 100.0]","[1120.0, 880.0, 100.0]","[1120.0, 870.0, 100.0]","[1120.0, 860.0, 100.0]","[1120.0, 850.0, 100.0]","[1120.0, 840.0, 100.0]","[1120.0, 830.0, 100.0]","[1120.0, 820.0, 100.0]","[1120.0, 810.0, 100.0]","[1120.0, 800.0, 100.0]","[1120.0, 790.0, 100.0]","[1120.0, 780.0, 100.0]","[1120.0, 770.0, 100.0]","[1120.0, 760.0, 100.0]","[1120.0, 750.0, 100.0]","[1120.0, 740.0, 100.0]","[1120.0, 730.0, 100.0]","[1120.0, 720.0, 100.0]","[1120.0, 710.0, 100.0]","[1120.0, 700.0, 100.0]","[1120.0, 690.0, 100.0]","[1120.0, 680.0, 100.0]","[1120.0, 670.0, 100.0]","[1120.0, 660.0, 100.0]","[1120.0, 650.0, 100.0]","[1120.0, 640.0, 100.0]","[1120.0, 630.0, 100.0]","[1120.0, 620.0, 100.0]","[1120.0, 610.0, 100.0]","[1120.0, 600.0, 100.0]","[1120.0, 590.0, 100.0]","[1120.0, 580.0, 100.0]","[1120.0, 570.0, 100.0]","[1120.0, 560.0, 100.0]","[1120.0, 550.0, 100.0]","[1120.0, 540.0, 100.0]","[1120.0, 530.0, 100.0]","[1120.0, 520.0, 100.0]","[1120.0, 510.0, 100.0]","[1120.0, 500.0, 100.0]","[1120.0, 490.0, 100.0]","[1120.0, 480.0, 100.0]","[1120.0, 470.0, 100.0]","[1120.0, 460.0, 100.0]","[1120.0, 450.0, 100.0]","[1120.0, 440.0, 100.0]","[1120.0, 430.0, 100.0]","[1120.0, 420.0, 100.0]","[1120.0, 410.0, 100.0]","[1110.0, 410.0, 100.0]","[1110.0, 400.0, 100.0]","[1110.0, 390.0, 100.0]","[1100.0, 390.0, 100.0]","[1100.0, 380.0, 100.0]","[1090.0, 380.0, 100.0]","[1080.0, 380.0, 100.0]","[1080.0, 370.0, 100.0]","[1070.0, 370.0, 100.0]","[1070.0, 360.0, 100.0]","[1060.0, 360.0, 100.0]","[1060.0, 350.0, 100.0]","[1050.0, 350.0, 100.0]","[1050.0, 340.0, 100.0]","[1050.0, 330.0, 100.0]","[1040.0, 330.0, 100.0]","[1040.0, 320.0, 100.0]","[1030.0, 320.0, 100.0]","[1030.0, 310.0, 100.0]","[1020.0, 310.0, 100.0]","[1020.0, 300.0, 100.0]","[1010.0, 300.0, 100.0]","[1010.0, 290.0, 100.0]","[1000.0, 290.0, 100.0]","[990.0, 290.0, 100.0]","[990.0, 280.0, 100.0]","[980.0, 280.0, 100.0]","[980.0, 270.0, 100.0]","[970.0, 270.0, 100.0]","[970.0, 260.0, 100.0]","[960.0, 260.0, 100.0]","[960.0, 250.0, 100.0]","[960.0, 240.0, 100.0]","[950.0, 240.0, 100.0]","[950.0, 230.0, 100.0]","[940.0, 230.0, 100.0]","[940.0, 220.0, 100.0]","[930.0, 220.0, 100.0]","[920.0, 220.0, 100.0]","[920.0, 210.0, 100.0]","[910.0, 210.0, 100.0]","[910.0, 200.0, 100.0]","[900.0, 200.0, 100.0]","[900.0, 190.0, 100.0]","[900.0, 180.0, 100.0]","[890.0, 180.0, 100.0]","[890.0, 170.0, 100.0]","[880.0, 170.0, 100.0]","[870.0, 170.0, 100.0]","[870.0, 160.0, 100.0]","[870.0, 150.0, 100.0]","[860.0, 150.0, 100.0]","[850.0, 150.0, 100.0]","[850.0, 140.0, 100.0]","[840.0, 140.0, 100.0]","[840.0, 130.0, 100.0]","[840.0, 120.0, 100.0]","[830.0, 120.0, 100.0]","[820.0, 120.0, 100.0]","[820.0, 110.0, 100.0]","[810.0, 110.0, 100.0]","[810.0, 100.0, 100.0]","[810.0, 90.0, 100.0]","[800.0, 90.0, 100.0]","[800.0, 80.0, 100.0]","[790.0, 80.0, 100.0]","[780.0, 80.0, 100.0]","[780.0, 70.0, 100.0]","[770.0, 70.0, 100.0]","[770.0, 60.0, 100.0]","[770.0, 60.0, 90.0]","[760.0, 60.0, 90.0]","[760.0, 50.0, 90.0]","[750.0, 50.0, 90.0]","[750.0, 40.0, 90.0]","[750.0, 40.0, 80.0]","[740.0, 40.0, 80.0]","[740.0, 40.0, 70.0]","[740.0, 30.0, 70.0]","[740.0, 30.0, 60.0]","[730.0, 30.0, 60.0]","[730.0, 20.0, 60.0]","[730.0, 20.0, 60]","[730.0, 20.0, 50]","[730.0, 20.0, 40]","[730.0, 20.0, 30]","[730.0, 20.0, 20]","[730.0, 20.0, 10]","[730.0, 20.0, 0]"
route_19,"[1250.0, 1350.0, 0]","[1250.0, 1350.0, 10]","[1250.0, 1350.0, 20]","[1250.0, 1350.0, 30]","[1250.0, 1350.0, 40]","[1250.0, 1350.0, 50]","[1250.0, 1350.0, 60.0]","[1260.0, 1350.0, 60.0]","[1260.0, 1350.0, 70.0]","[1260.0, 1360.0, 70.0]","[1260.0, 1360.0, 80.0]","[1260.0, 1360.0, 90.0]","[1260.0, 1360.0, 100.0]","[1270.0, 1360.0, 100.0]","[1270.0, 1350.0, 100.0]","[1270.0, 1340.0, 100.0]","[1270.0, 1330.0, 100.0]","[1270.0, 1320.0, 100.0]","[1270.0, 1310.0, 100.0]","[1270.0, 1300.0, 100.0]","[1270.0, 1290.0, 100.0]","[1270.0, 1280.0, 100.0]","[1270.0, 1270.0, 100.0]","[1270.0, 1260.0, 100.0]","[1270.0, 1250.0, 100.0]","[1270.0, 1240.0, 100.0]","[1270.0, 1230.0, 100.0]","[1270.0, 1220.0, 100.0]","[1270.0, 1210.0, 100.0]","[1270.0, 1200.0, 100.0]","[1270.0, 1190.0, 100.0]","[1270.0, 1180.0, 100.0]","[1270.0, 1170.0, 100.0]","[1270.0, 1160.0, 100.0]","[1270.0, 1150.0, 100.0]","[1270.0, 1140.0, 100.0]","[1270.0, 1130.0, 100.0]","[1270.0, 1120.0, 100.0]","[1270.0, 1110.0, 100.0]","[1270.0, 1100.0, 100.0]","[1280.0, 1100.0, 100.0]","[1280.0, 1090.0, 100.0]","[1280.0, 1080.0, 100.0]","[1280.0, 1070.0, 100.0]","[1290.0, 1070.0, 100.0]","[1290.0, 1060.0, 100.0]","[1290.0, 1050.0, 100.0]","[1290.0, 1040.0, 100.0]","[1290.0, 1030.0, 100.0]","[1290.0, 1020.0, 100.0]","[1290.0, 1010.0, 100.0]","[1300.0, 1010.0, 100.0]","[1300.0, 1000.0, 100.0]","[1300.0, 990.0, 100.0]","[1300.0, 980.0, 100.0]","[1300.0, 970.0, 100.0]","[1300.0, 960.0, 100.0]","[1300.0, 950.0, 100.0]","[1300.0, 940.0, 100.0]","[1300.0, 930.0, 100.0]","[1300.0, 920.0, 100.0]","[1300.0, 910.0, 100.0]","[1300.0, 900.0, 100.0]","[1300.0, 890.0, 100.0]","[1300.0, 880.0, 100.0]","[1300.0, 870.0, 100.0]","[1300.0, 860.0, 100.0]","[1300.0, 850.0, 100.0]","[1300.0, 840.0, 100.0]","[1300.0, 830.0, 100.0]","[1310.0, 830.0, 100.0]","[1310.0, 820.0, 100.0]","[1320.0, 820.0, 100.0]","[1320.0, 810.0, 100.0]","[1330.0, 810.0, 100.0]","[1330.0, 800.0, 100.0]","[1340.0, 800.0, 100.0]","[1340.0, 790.0, 100.0]","[1340.0, 790.0, 90.0]","[1350.0, 790.0, 90.0]","[1350.0, 790.0, 80.0]","[1350.0, 780.0, 80.0]","[1360.0, 780.0, 80.0]","[1360.0, 770.0, 80.0]","[1370.0, 770.0, 80.0]","[1370.0, 770.0, 70.0]","[1380.0, 770.0, 70.0]","[1380.0, 760.0, 70.0]","[1380.0, 760.0, 60.0]","[1380.0, 760.0, 60]","[1380.0, 760.0, 50]","[1380.0, 760.0, 40]","[1380.0, 760.0, 30]","[1380.0, 760.0, 20]","[1380.0, 760.0, 10]","[1380.0, 760.0, 0]",,,,,,,,,,,,,,,,,,,,,,,,,,,,,,,,,,,,,,,,,,,,,,,,,,,,,,,,,,,,,,,,,,,,,,,,,,,,,,,,,,,,,,,,,,,,,,,,,,,,,,,,,,,,,,,,,
